_id;gml_id;aasqa;date_maj;partition_field;lib_pol;lib_zone;etat;date_ech;date_dif;code_zone;code_pol
65dff4b8a44b3486ecfbe084;3471472;84;2024/02/28 14:37:05.299+01;842023w6;PM10;Bassin Lémanique;ALERTE SUR PERSISTANCE;09/02/2023;08/02/2023;2001;5
65dff4b8a44b3486ecfbe085;3471476;84;2024/02/28 14:37:05.299+01;842023w6;PM10;Bassin Lémanique;ALERTE SUR PERSISTANCE;10/02/2023;09/02/2023;2001;5
65dff4b8a44b3486ecfbe086;3471480;84;2024/02/28 14:37:05.299+01;842023w6;PM10;Bassin Lémanique;ALERTE SUR PERSISTANCE;10/02/2023;08/02/2023;2001;5
65dff4b8a44b3486ecfbe087;3471490;84;2024/02/28 14:37:05.299+01;842023w6;PM10;Bassin Lémanique;ALERTE SUR PERSISTANCE;11/02/2023;09/02/2023;2001;5
65dff4b8a44b3486ecfbe088;3471516;84;2024/02/28 14:37:05.299+01;842023w6;PM10;Bassin Lémanique;INFORMATION ET RECOMMANDATION;13/02/2023;12/02/2023;2001;5
65dff4b8a44b3486ecfbe089;3471520;84;2024/02/28 14:37:05.299+01;842023w7;PM10;Bassin Lémanique;INFORMATION ET RECOMMANDATION;14/02/2023;12/02/2023;2001;5
65dff4b8a44b3486ecfbe08a;3471524;84;2024/02/28 14:37:05.299+01;842023w7;PM10;Bassin Lémanique;INFORMATION ET RECOMMANDATION;14/02/2023;13/02/2023;2001;5
65dff4b8a44b3486ecfbe08b;3471531;84;2024/02/28 14:37:05.299+01;842023w7;PM10;Bassin Lémanique;INFORMATION ET RECOMMANDATION;15/02/2023;13/02/2023;2001;5
65dff4b8a44b3486ecfbe08c;3471535;84;2024/02/28 14:37:05.299+01;842023w7;PM10;Bassin Lémanique;INFORMATION ET RECOMMANDATION;15/02/2023;14/02/2023;2001;5
65dff4b8a44b3486ecfbe08d;3471538;84;2024/02/28 14:37:05.299+01;842023w7;PM10;Bassin Lémanique;INFORMATION ET RECOMMANDATION;16/02/2023;14/02/2023;2001;5
65dff4b8a44b3486ecfbe08e;3471546;84;2024/02/28 14:37:05.299+01;842023w9;PM10;Bassin Lémanique;INFORMATION ET RECOMMANDATION;03/03/2023;02/03/2023;2001;5
65dff4b8a44b3486ecfbe08f;3471556;84;2024/02/28 14:37:05.299+01;842023w9;PM10;Bassin Lémanique;INFORMATION ET RECOMMANDATION;04/03/2023;02/03/2023;2001;5
65dff4b8a44b3486ecfbe090;3471561;84;2024/02/28 14:37:05.299+01;842023w9;PM10;Bassin Lémanique;INFORMATION ET RECOMMANDATION;04/03/2023;03/03/2023;2001;5
65dff4b8a44b3486ecfbe091;3471566;84;2024/02/28 14:37:05.299+01;842023w9;PM10;Bassin Lémanique;INFORMATION ET RECOMMANDATION;05/03/2023;03/03/2023;2001;5
65dff4d1a44b3486ecfbe092;3471484;84;2024/02/28 14:37:05.299+01;842023w6;PM10;Bassin Stéphanois;INFORMATION ET RECOMMANDATION;11/02/2023;10/02/2023;2002;5
65dff4d1a44b3486ecfbe093;3471494;84;2024/02/28 14:37:05.299+01;842023w6;PM10;Bassin Stéphanois;ALERTE SUR PERSISTANCE;12/02/2023;11/02/2023;2002;5
65dff4d1a44b3486ecfbe094;3471500;84;2024/02/28 14:37:05.299+01;842023w6;PM10;Bassin Stéphanois;INFORMATION ET RECOMMANDATION;12/02/2023;10/02/2023;2002;5
65dff4d1a44b3486ecfbe095;3471510;84;2024/02/28 14:37:05.299+01;842023w6;PM10;Bassin Stéphanois;ALERTE SUR PERSISTANCE;13/02/2023;12/02/2023;2002;5
65dff4d1a44b3486ecfbe096;3471511;84;2024/02/28 14:37:05.299+01;842023w6;PM10;Bassin Stéphanois;ALERTE SUR PERSISTANCE;13/02/2023;11/02/2023;2002;5
65dff4d1a44b3486ecfbe097;3471518;84;2024/02/28 14:37:05.299+01;842023w7;PM10;Bassin Stéphanois;ALERTE SUR PERSISTANCE;14/02/2023;12/02/2023;2002;5
65dff4d1a44b3486ecfbe098;3471557;84;2024/02/28 14:37:05.299+01;842023w9;PM10;Bassin Stéphanois;INFORMATION ET RECOMMANDATION;04/03/2023;03/03/2023;2002;5
65dff4d1a44b3486ecfbe099;3471571;84;2024/02/28 14:37:05.299+01;842023w9;PM10;Bassin Stéphanois;INFORMATION ET RECOMMANDATION;05/03/2023;03/03/2023;2002;5
65dff4d1a44b3486ecfbe09a;3471665;84;2024/02/28 14:37:05.299+01;842024w2;PM10;Bassin Stéphanois;INFORMATION ET RECOMMANDATION;13/01/2024;11/01/2024;2002;5
65dff4d1a44b3486ecfbe09b;3471666;84;2024/02/28 14:37:05.299+01;842024w2;PM10;Bassin Stéphanois;INFORMATION ET RECOMMANDATION;13/01/2024;11/01/2024;2002;5
65dff4d1a44b3486ecfbe09c;3471670;84;2024/02/28 14:37:05.299+01;842024w2;PM10;Bassin Stéphanois;ALERTE SUR PERSISTANCE;13/01/2024;12/01/2024;2002;5
65dff4d1a44b3486ecfbe09d;3471671;84;2024/02/28 14:37:05.299+01;842024w2;PM10;Bassin Stéphanois;ALERTE SUR PERSISTANCE;13/01/2024;12/01/2024;2002;5
65dff4d1a44b3486ecfbe09e;3471688;84;2024/02/28 14:37:05.299+01;842024w2;PM10;Bassin Stéphanois;ALERTE SUR PERSISTANCE;14/01/2024;12/01/2024;2002;5
65dff4d1a44b3486ecfbe09f;3471697;84;2024/02/28 14:37:05.299+01;842024w2;PM10;Bassin Stéphanois;ALERTE SUR PERSISTANCE;14/01/2024;12/01/2024;2002;5
65dff4e9a44b3486ecfbe0a0;3471623;84;2024/02/28 14:37:05.299+01;842023w34;O3;Bassin Lyon Nord-Isère;INFORMATION ET RECOMMANDATION;23/08/2023;22/08/2023;2003;7
65dff4e9a44b3486ecfbe0a1;3471626;84;2024/02/28 14:37:05.299+01;842023w34;O3;Bassin Lyon Nord-Isère;INFORMATION ET RECOMMANDATION;24/08/2023;22/08/2023;2003;7
65dff4e9a44b3486ecfbe0a2;3471627;84;2024/02/28 14:37:05.299+01;842023w34;O3;Bassin Lyon Nord-Isère;INFORMATION ET RECOMMANDATION;24/08/2023;23/08/2023;2003;7
65dff4e9a44b3486ecfbe0a3;3471629;84;2024/02/28 14:37:05.299+01;842023w34;O3;Bassin Lyon Nord-Isère;INFORMATION ET RECOMMANDATION;25/08/2023;23/08/2023;2003;7
65dff4e9a44b3486ecfbe0a4;3471630;84;2024/02/28 14:37:05.299+01;842023w50;PM10;Bassin Lyon Nord-Isère;ALERTE SUR PERSISTANCE;18/12/2023;17/12/2023;2003;5
65dff4e9a44b3486ecfbe0a5;3471631;84;2024/02/28 14:37:05.299+01;842023w50;PM10;Bassin Lyon Nord-Isère;ALERTE SUR PERSISTANCE;18/12/2023;17/12/2023;2003;5
65dff4e9a44b3486ecfbe0a6;3471633;84;2024/02/28 14:37:05.299+01;842023w51;PM10;Bassin Lyon Nord-Isère;ALERTE SUR PERSISTANCE;19/12/2023;17/12/2023;2003;5
65dff4e9a44b3486ecfbe0a7;3471635;84;2024/02/28 14:37:05.299+01;842023w51;PM10;Bassin Lyon Nord-Isère;ALERTE SUR PERSISTANCE;19/12/2023;18/12/2023;2003;5
65dff4e9a44b3486ecfbe0a8;3471637;84;2024/02/28 14:37:05.299+01;842023w51;PM10;Bassin Lyon Nord-Isère;ALERTE SUR PERSISTANCE;19/12/2023;18/12/2023;2003;5
65dff4e9a44b3486ecfbe0a9;3471641;84;2024/02/28 14:37:05.299+01;842023w51;PM10;Bassin Lyon Nord-Isère;ALERTE SUR PERSISTANCE;19/12/2023;17/12/2023;2003;5
65dff4e9a44b3486ecfbe0aa;3471642;84;2024/02/28 14:37:05.299+01;842023w51;PM10;Bassin Lyon Nord-Isère;ALERTE SUR PERSISTANCE;20/12/2023;18/12/2023;2003;5
65dff4e9a44b3486ecfbe0ab;3471644;84;2024/02/28 14:37:05.299+01;842023w51;PM10;Bassin Lyon Nord-Isère;ALERTE SUR PERSISTANCE;20/12/2023;18/12/2023;2003;5
65dff4e9a44b3486ecfbe0ac;3471466;84;2024/02/28 14:37:05.299+01;842023w6;PM10;Bassin Lyon Nord-Isère;INFORMATION ET RECOMMANDATION;08/02/2023;07/02/2023;2003;5
65dff4e9a44b3486ecfbe0ad;3471471;84;2024/02/28 14:37:05.299+01;842023w6;PM10;Bassin Lyon Nord-Isère;ALERTE SUR PERSISTANCE;09/02/2023;08/02/2023;2003;5
65dff4e9a44b3486ecfbe0ae;3471474;84;2024/02/28 14:37:05.299+01;842023w6;PM10;Bassin Lyon Nord-Isère;INFORMATION ET RECOMMANDATION;09/02/2023;07/02/2023;2003;5
65dff4e9a44b3486ecfbe0af;3471475;84;2024/02/28 14:37:05.299+01;842023w6;PM10;Bassin Lyon Nord-Isère;ALERTE SUR PERSISTANCE;10/02/2023;09/02/2023;2003;5
65dff4e9a44b3486ecfbe0b0;3471483;84;2024/02/28 14:37:05.299+01;842023w6;PM10;Bassin Lyon Nord-Isère;ALERTE SUR PERSISTANCE;10/02/2023;08/02/2023;2003;5
65dff4e9a44b3486ecfbe0b1;3471486;84;2024/02/28 14:37:05.299+01;842023w6;PM10;Bassin Lyon Nord-Isère;ALERTE SUR PERSISTANCE;11/02/2023;10/02/2023;2003;5
65dff4e9a44b3486ecfbe0b2;3471488;84;2024/02/28 14:37:05.299+01;842023w6;PM10;Bassin Lyon Nord-Isère;ALERTE SUR PERSISTANCE;11/02/2023;09/02/2023;2003;5
65dff4e9a44b3486ecfbe0b3;3471498;84;2024/02/28 14:37:05.299+01;842023w6;PM10;Bassin Lyon Nord-Isère;ALERTE SUR PERSISTANCE;12/02/2023;10/02/2023;2003;5
65dff4e9a44b3486ecfbe0b4;3471502;84;2024/02/28 14:37:05.299+01;842023w6;PM10;Bassin Lyon Nord-Isère;ALERTE SUR PERSISTANCE;12/02/2023;11/02/2023;2003;5
65dff4e9a44b3486ecfbe0b5;3471505;84;2024/02/28 14:37:05.299+01;842023w6;PM10;Bassin Lyon Nord-Isère;ALERTE SUR PERSISTANCE;13/02/2023;11/02/2023;2003;5
65dff4e9a44b3486ecfbe0b6;3471514;84;2024/02/28 14:37:05.299+01;842023w6;PM10;Bassin Lyon Nord-Isère;ALERTE;13/02/2023;12/02/2023;2003;5
65dff4e9a44b3486ecfbe0b7;3471521;84;2024/02/28 14:37:05.299+01;842023w7;PM10;Bassin Lyon Nord-Isère;ALERTE;14/02/2023;12/02/2023;2003;5
65dff4e9a44b3486ecfbe0b8;3471526;84;2024/02/28 14:37:05.299+01;842023w7;PM10;Bassin Lyon Nord-Isère;ALERTE;14/02/2023;13/02/2023;2003;5
65dff4e9a44b3486ecfbe0b9;3471536;84;2024/02/28 14:37:05.299+01;842023w7;PM10;Bassin Lyon Nord-Isère;ALERTE;15/02/2023;13/02/2023;2003;5
65dff4e9a44b3486ecfbe0ba;3471537;84;2024/02/28 14:37:05.299+01;842023w7;PM10;Bassin Lyon Nord-Isère;ALERTE;15/02/2023;14/02/2023;2003;5
65dff4e9a44b3486ecfbe0bb;3471539;84;2024/02/28 14:37:05.299+01;842023w7;PM10;Bassin Lyon Nord-Isère;ALERTE;16/02/2023;14/02/2023;2003;5
65dff4e9a44b3486ecfbe0bc;3471540;84;2024/02/28 14:37:05.299+01;842023w7;PM10;Bassin Lyon Nord-Isère;ALERTE;16/02/2023;15/02/2023;2003;5
65dff4e9a44b3486ecfbe0bd;3471541;84;2024/02/28 14:37:05.299+01;842023w7;PM10;Bassin Lyon Nord-Isère;ALERTE;17/02/2023;15/02/2023;2003;5
65dff4e9a44b3486ecfbe0be;3471559;84;2024/02/28 14:37:05.299+01;842023w9;PM10;Bassin Lyon Nord-Isère;INFORMATION ET RECOMMANDATION;04/03/2023;03/03/2023;2003;5
65dff4e9a44b3486ecfbe0bf;3471574;84;2024/02/28 14:37:05.299+01;842023w9;PM10;Bassin Lyon Nord-Isère;INFORMATION ET RECOMMANDATION;05/03/2023;03/03/2023;2003;5
65dff4e9a44b3486ecfbe0c0;3471650;84;2024/02/28 14:37:05.299+01;842024w2;PM10;Bassin Lyon Nord-Isère;ALERTE SUR PERSISTANCE;12/01/2024;11/01/2024;2003;5
65dff4e9a44b3486ecfbe0c1;3471651;84;2024/02/28 14:37:05.299+01;842024w2;PM10;Bassin Lyon Nord-Isère;ALERTE SUR PERSISTANCE;12/01/2024;11/01/2024;2003;5
65dff4e9a44b3486ecfbe0c2;3471653;84;2024/02/28 14:37:05.299+01;842024w2;PM10;Bassin Lyon Nord-Isère;INFORMATION ET RECOMMANDATION;12/01/2024;10/01/2024;2003;5
65dff4e9a44b3486ecfbe0c3;3471654;84;2024/02/28 14:37:05.299+01;842024w2;PM10;Bassin Lyon Nord-Isère;INFORMATION ET RECOMMANDATION;12/01/2024;10/01/2024;2003;5
65dff4e9a44b3486ecfbe0c4;3471658;84;2024/02/28 14:37:05.299+01;842024w2;PM10;Bassin Lyon Nord-Isère;ALERTE SUR PERSISTANCE;13/01/2024;11/01/2024;2003;5
65dff4e9a44b3486ecfbe0c5;3471663;84;2024/02/28 14:37:05.299+01;842024w2;PM10;Bassin Lyon Nord-Isère;ALERTE SUR PERSISTANCE;13/01/2024;11/01/2024;2003;5
65dff4e9a44b3486ecfbe0c6;3471668;84;2024/02/28 14:37:05.299+01;842024w2;PM10;Bassin Lyon Nord-Isère;ALERTE SUR PERSISTANCE;13/01/2024;12/01/2024;2003;5
65dff4e9a44b3486ecfbe0c7;3471681;84;2024/02/28 14:37:05.299+01;842024w2;PM10;Bassin Lyon Nord-Isère;ALERTE SUR PERSISTANCE;13/01/2024;12/01/2024;2003;5
65dff4e9a44b3486ecfbe0c8;3471686;84;2024/02/28 14:37:05.299+01;842024w2;PM10;Bassin Lyon Nord-Isère;ALERTE SUR PERSISTANCE;14/01/2024;12/01/2024;2003;5
65dff4e9a44b3486ecfbe0c9;3471689;84;2024/02/28 14:37:05.299+01;842024w2;PM10;Bassin Lyon Nord-Isère;ALERTE SUR PERSISTANCE;14/01/2024;13/01/2024;2003;5
65dff4e9a44b3486ecfbe0ca;3471690;84;2024/02/28 14:37:05.299+01;842024w2;PM10;Bassin Lyon Nord-Isère;ALERTE SUR PERSISTANCE;14/01/2024;13/01/2024;2003;5
65dff4e9a44b3486ecfbe0cb;3471691;84;2024/02/28 14:37:05.299+01;842024w2;PM10;Bassin Lyon Nord-Isère;ALERTE SUR PERSISTANCE;14/01/2024;12/01/2024;2003;5
65dff4e9a44b3486ecfbe0cc;3471698;84;2024/02/28 14:37:05.299+01;842024w2;PM10;Bassin Lyon Nord-Isère;ALERTE SUR PERSISTANCE;15/01/2024;14/01/2024;2003;5
65dff4e9a44b3486ecfbe0cd;3471699;84;2024/02/28 14:37:05.299+01;842024w2;PM10;Bassin Lyon Nord-Isère;ALERTE SUR PERSISTANCE;15/01/2024;14/01/2024;2003;5
65dff4e9a44b3486ecfbe0ce;3471700;84;2024/02/28 14:37:05.299+01;842024w3;PM10;Bassin Lyon Nord-Isère;ALERTE SUR PERSISTANCE;16/01/2024;14/01/2024;2003;5
65dff4e9a44b3486ecfbe0cf;3471701;84;2024/02/28 14:37:05.299+01;842024w3;PM10;Bassin Lyon Nord-Isère;ALERTE SUR PERSISTANCE;16/01/2024;14/01/2024;2003;5
65dff507a44b3486ecfbe0d0;3471669;84;2024/02/28 14:37:05.299+01;842024w2;PM10;Contreforts Massif Central;ALERTE SUR PERSISTANCE;13/01/2024;12/01/2024;2004;5
65dff507a44b3486ecfbe0d1;3471675;84;2024/02/28 14:37:05.299+01;842024w2;PM10;Contreforts Massif Central;ALERTE SUR PERSISTANCE;13/01/2024;12/01/2024;2004;5
65dff507a44b3486ecfbe0d2;3471685;84;2024/02/28 14:37:05.299+01;842024w2;PM10;Contreforts Massif Central;ALERTE SUR PERSISTANCE;14/01/2024;12/01/2024;2004;5
65dff507a44b3486ecfbe0d3;3471693;84;2024/02/28 14:37:05.299+01;842024w2;PM10;Contreforts Massif Central;ALERTE SUR PERSISTANCE;14/01/2024;12/01/2024;2004;5
65dff53fa44b3486ecfbe0d4;3471468;84;2024/02/28 14:37:05.299+01;842023w6;PM10;Ouest Ain;INFORMATION ET RECOMMANDATION;09/02/2023;08/02/2023;2006;5
65dff53fa44b3486ecfbe0d5;3471477;84;2024/02/28 14:37:05.299+01;842023w6;PM10;Ouest Ain;ALERTE SUR PERSISTANCE;10/02/2023;09/02/2023;2006;5
65dff53fa44b3486ecfbe0d6;3471482;84;2024/02/28 14:37:05.299+01;842023w6;PM10;Ouest Ain;INFORMATION ET RECOMMANDATION;10/02/2023;08/02/2023;2006;5
65dff53fa44b3486ecfbe0d7;3471491;84;2024/02/28 14:37:05.299+01;842023w6;PM10;Ouest Ain;ALERTE SUR PERSISTANCE;11/02/2023;09/02/2023;2006;5
65dff53fa44b3486ecfbe0d8;3471492;84;2024/02/28 14:37:05.299+01;842023w6;PM10;Ouest Ain;ALERTE SUR PERSISTANCE;11/02/2023;10/02/2023;2006;5
65dff53fa44b3486ecfbe0d9;3471496;84;2024/02/28 14:37:05.299+01;842023w6;PM10;Ouest Ain;ALERTE SUR PERSISTANCE;12/02/2023;10/02/2023;2006;5
65dff53fa44b3486ecfbe0da;3471501;84;2024/02/28 14:37:05.299+01;842023w6;PM10;Ouest Ain;ALERTE;12/02/2023;11/02/2023;2006;5
65dff53fa44b3486ecfbe0db;3471507;84;2024/02/28 14:37:05.299+01;842023w6;PM10;Ouest Ain;ALERTE;13/02/2023;11/02/2023;2006;5
65dff53fa44b3486ecfbe0dc;3471512;84;2024/02/28 14:37:05.299+01;842023w6;PM10;Ouest Ain;ALERTE;13/02/2023;12/02/2023;2006;5
65dff53fa44b3486ecfbe0dd;3471517;84;2024/02/28 14:37:05.299+01;842023w7;PM10;Ouest Ain;ALERTE;14/02/2023;12/02/2023;2006;5
65dff53fa44b3486ecfbe0de;3471528;84;2024/02/28 14:37:05.299+01;842023w7;PM10;Ouest Ain;ALERTE;14/02/2023;13/02/2023;2006;5
65dff53fa44b3486ecfbe0df;3471533;84;2024/02/28 14:37:05.299+01;842023w7;PM10;Ouest Ain;ALERTE;15/02/2023;13/02/2023;2006;5
65dff53fa44b3486ecfbe0e0;3471547;84;2024/02/28 14:37:05.299+01;842023w9;PM10;Ouest Ain;INFORMATION ET RECOMMANDATION;03/03/2023;02/03/2023;2006;5
65dff53fa44b3486ecfbe0e1;3471555;84;2024/02/28 14:37:05.299+01;842023w9;PM10;Ouest Ain;INFORMATION ET RECOMMANDATION;04/03/2023;02/03/2023;2006;5
65dff53fa44b3486ecfbe0e2;3471563;84;2024/02/28 14:37:05.299+01;842023w9;PM10;Ouest Ain;INFORMATION ET RECOMMANDATION;04/03/2023;03/03/2023;2006;5
65dff53fa44b3486ecfbe0e3;3471570;84;2024/02/28 14:37:05.299+01;842023w9;PM10;Ouest Ain;INFORMATION ET RECOMMANDATION;05/03/2023;03/03/2023;2006;5
65dff53fa44b3486ecfbe0e4;3471655;84;2024/02/28 14:37:05.299+01;842024w2;PM10;Ouest Ain;ALERTE SUR PERSISTANCE;12/01/2024;11/01/2024;2006;5
65dff53fa44b3486ecfbe0e5;3471656;84;2024/02/28 14:37:05.299+01;842024w2;PM10;Ouest Ain;ALERTE SUR PERSISTANCE;12/01/2024;11/01/2024;2006;5
65dff53fa44b3486ecfbe0e6;3471660;84;2024/02/28 14:37:05.299+01;842024w2;PM10;Ouest Ain;ALERTE SUR PERSISTANCE;13/01/2024;11/01/2024;2006;5
65dff53fa44b3486ecfbe0e7;3471664;84;2024/02/28 14:37:05.299+01;842024w2;PM10;Ouest Ain;ALERTE SUR PERSISTANCE;13/01/2024;11/01/2024;2006;5
65dff53fa44b3486ecfbe0e8;3471673;84;2024/02/28 14:37:05.299+01;842024w2;PM10;Ouest Ain;ALERTE SUR PERSISTANCE;13/01/2024;12/01/2024;2006;5
65dff53fa44b3486ecfbe0e9;3471677;84;2024/02/28 14:37:05.299+01;842024w2;PM10;Ouest Ain;ALERTE SUR PERSISTANCE;13/01/2024;12/01/2024;2006;5
65dff53fa44b3486ecfbe0ea;3471682;84;2024/02/28 14:37:05.299+01;842024w2;PM10;Ouest Ain;ALERTE SUR PERSISTANCE;14/01/2024;12/01/2024;2006;5
65dff53fa44b3486ecfbe0eb;3471684;84;2024/02/28 14:37:05.299+01;842024w2;PM10;Ouest Ain;ALERTE SUR PERSISTANCE;14/01/2024;12/01/2024;2006;5
65dff572a44b3486ecfbe0ec;3471591;84;2024/02/28 14:37:05.299+01;842023w25;PM10;Vallée de l'Arve;INFORMATION ET RECOMMANDATION;20/06/2023;19/06/2023;2008;5
65dff572a44b3486ecfbe0ed;3471602;84;2024/02/28 14:37:05.299+01;842023w25;PM10;Vallée de l'Arve;INFORMATION ET RECOMMANDATION;21/06/2023;20/06/2023;2008;5
65dff572a44b3486ecfbe0ee;3471605;84;2024/02/28 14:37:05.299+01;842023w25;PM10;Vallée de l'Arve;INFORMATION ET RECOMMANDATION;21/06/2023;19/06/2023;2008;5
65dff572a44b3486ecfbe0ef;3471610;84;2024/02/28 14:37:05.299+01;842023w25;PM10;Vallée de l'Arve;INFORMATION ET RECOMMANDATION;22/06/2023;20/06/2023;2008;5
65dff572a44b3486ecfbe0f0;3471464;84;2024/02/28 14:37:05.299+01;842023w4;PM10;Vallée de l'Arve;ALERTE SUR PERSISTANCE;25/01/2023;24/01/2023;2008;5
65dff572a44b3486ecfbe0f1;3471465;84;2024/02/28 14:37:05.299+01;842023w4;PM10;Vallée de l'Arve;ALERTE SUR PERSISTANCE;26/01/2023;24/01/2023;2008;5
65dff572a44b3486ecfbe0f2;3471632;84;2024/02/28 14:37:05.299+01;842023w51;PM10;Vallée de l'Arve;INFORMATION ET RECOMMANDATION;19/12/2023;17/12/2023;2008;5
65dff572a44b3486ecfbe0f3;3471636;84;2024/02/28 14:37:05.299+01;842023w51;PM10;Vallée de l'Arve;ALERTE SUR PERSISTANCE;19/12/2023;18/12/2023;2008;5
65dff572a44b3486ecfbe0f4;3471639;84;2024/02/28 14:37:05.299+01;842023w51;PM10;Vallée de l'Arve;INFORMATION ET RECOMMANDATION;19/12/2023;17/12/2023;2008;5
65dff572a44b3486ecfbe0f5;3471640;84;2024/02/28 14:37:05.299+01;842023w51;PM10;Vallée de l'Arve;ALERTE SUR PERSISTANCE;19/12/2023;18/12/2023;2008;5
65dff572a44b3486ecfbe0f6;3471643;84;2024/02/28 14:37:05.299+01;842023w51;PM10;Vallée de l'Arve;ALERTE SUR PERSISTANCE;20/12/2023;18/12/2023;2008;5
65dff572a44b3486ecfbe0f7;3471645;84;2024/02/28 14:37:05.299+01;842023w51;PM10;Vallée de l'Arve;ALERTE SUR PERSISTANCE;20/12/2023;18/12/2023;2008;5
65dff572a44b3486ecfbe0f8;3471646;84;2024/02/28 14:37:05.299+01;842023w51;PM10;Vallée de l'Arve;ALERTE SUR PERSISTANCE;20/12/2023;19/12/2023;2008;5
65dff572a44b3486ecfbe0f9;3471647;84;2024/02/28 14:37:05.299+01;842023w51;PM10;Vallée de l'Arve;ALERTE SUR PERSISTANCE;20/12/2023;19/12/2023;2008;5
65dff572a44b3486ecfbe0fa;3471467;84;2024/02/28 14:37:05.299+01;842023w6;PM10;Vallée de l'Arve;INFORMATION ET RECOMMANDATION;08/02/2023;07/02/2023;2008;5
65dff572a44b3486ecfbe0fb;3471469;84;2024/02/28 14:37:05.299+01;842023w6;PM10;Vallée de l'Arve;INFORMATION ET RECOMMANDATION;09/02/2023;07/02/2023;2008;5
65dff572a44b3486ecfbe0fc;3471473;84;2024/02/28 14:37:05.299+01;842023w6;PM10;Vallée de l'Arve;ALERTE SUR PERSISTANCE;09/02/2023;08/02/2023;2008;5
65dff572a44b3486ecfbe0fd;3471478;84;2024/02/28 14:37:05.299+01;842023w6;PM10;Vallée de l'Arve;ALERTE SUR PERSISTANCE;10/02/2023;08/02/2023;2008;5
65dff572a44b3486ecfbe0fe;3471485;84;2024/02/28 14:37:05.299+01;842023w6;PM10;Vallée de l'Arve;INFORMATION ET RECOMMANDATION;11/02/2023;10/02/2023;2008;5
65dff572a44b3486ecfbe0ff;3471495;84;2024/02/28 14:37:05.299+01;842023w6;PM10;Vallée de l'Arve;INFORMATION ET RECOMMANDATION;12/02/2023;10/02/2023;2008;5
65dff572a44b3486ecfbe100;3471504;84;2024/02/28 14:37:05.299+01;842023w6;PM10;Vallée de l'Arve;INFORMATION ET RECOMMANDATION;12/02/2023;11/02/2023;2008;5
65dff572a44b3486ecfbe101;3471508;84;2024/02/28 14:37:05.299+01;842023w6;PM10;Vallée de l'Arve;INFORMATION ET RECOMMANDATION;13/02/2023;11/02/2023;2008;5
65dff572a44b3486ecfbe102;3471515;84;2024/02/28 14:37:05.299+01;842023w6;PM10;Vallée de l'Arve;INFORMATION ET RECOMMANDATION;13/02/2023;12/02/2023;2008;5
65dff572a44b3486ecfbe103;3471523;84;2024/02/28 14:37:05.299+01;842023w7;PM10;Vallée de l'Arve;INFORMATION ET RECOMMANDATION;14/02/2023;12/02/2023;2008;5
65dff572a44b3486ecfbe104;3471529;84;2024/02/28 14:37:05.299+01;842023w7;PM10;Vallée de l'Arve;INFORMATION ET RECOMMANDATION;14/02/2023;13/02/2023;2008;5
65dff572a44b3486ecfbe105;3471534;84;2024/02/28 14:37:05.299+01;842023w7;PM10;Vallée de l'Arve;INFORMATION ET RECOMMANDATION;15/02/2023;13/02/2023;2008;5
65dff572a44b3486ecfbe106;3471542;84;2024/02/28 14:37:05.299+01;842023w9;PM10;Vallée de l'Arve;INFORMATION ET RECOMMANDATION;02/03/2023;01/03/2023;2008;5
65dff572a44b3486ecfbe107;3471543;84;2024/02/28 14:37:05.299+01;842023w9;PM10;Vallée de l'Arve;INFORMATION ET RECOMMANDATION;03/03/2023;02/03/2023;2008;5
65dff572a44b3486ecfbe108;3471545;84;2024/02/28 14:37:05.299+01;842023w9;PM10;Vallée de l'Arve;INFORMATION ET RECOMMANDATION;03/03/2023;01/03/2023;2008;5
65dff572a44b3486ecfbe109;3471550;84;2024/02/28 14:37:05.299+01;842023w9;PM10;Vallée de l'Arve;INFORMATION ET RECOMMANDATION;04/03/2023;03/03/2023;2008;5
65dff572a44b3486ecfbe10a;3471551;84;2024/02/28 14:37:05.299+01;842023w9;PM10;Vallée de l'Arve;INFORMATION ET RECOMMANDATION;04/03/2023;02/03/2023;2008;5
65dff572a44b3486ecfbe10b;3471567;84;2024/02/28 14:37:05.299+01;842023w9;PM10;Vallée de l'Arve;INFORMATION ET RECOMMANDATION;05/03/2023;03/03/2023;2008;5
65dff572a44b3486ecfbe10c;3471702;84;2024/02/28 14:37:05.299+01;842024w5;PM10;Vallée de l'Arve;INFORMATION ET RECOMMANDATION;02/02/2024;01/02/2024;2008;5
65dff572a44b3486ecfbe10d;3471703;84;2024/02/28 14:37:05.299+01;842024w5;PM10;Vallée de l'Arve;INFORMATION ET RECOMMANDATION;02/02/2024;01/02/2024;2008;5
65dff58ea44b3486ecfbe10e;3471622;84;2024/02/28 14:37:05.299+01;842023w34;O3;Vallée du Rhône;INFORMATION ET RECOMMANDATION;23/08/2023;22/08/2023;2009;7
65dff58ea44b3486ecfbe10f;3471624;84;2024/02/28 14:37:05.299+01;842023w34;O3;Vallée du Rhône;INFORMATION ET RECOMMANDATION;24/08/2023;23/08/2023;2009;7
65dff58ea44b3486ecfbe110;3471625;84;2024/02/28 14:37:05.299+01;842023w34;O3;Vallée du Rhône;INFORMATION ET RECOMMANDATION;24/08/2023;22/08/2023;2009;7
65dff58ea44b3486ecfbe111;3471628;84;2024/02/28 14:37:05.299+01;842023w34;O3;Vallée du Rhône;INFORMATION ET RECOMMANDATION;25/08/2023;23/08/2023;2009;7
65dff58ea44b3486ecfbe112;3471634;84;2024/02/28 14:37:05.299+01;842023w51;PM10;Vallée du Rhône;INFORMATION ET RECOMMANDATION;19/12/2023;18/12/2023;2009;5
65dff58ea44b3486ecfbe113;3471638;84;2024/02/28 14:37:05.299+01;842023w51;PM10;Vallée du Rhône;INFORMATION ET RECOMMANDATION;19/12/2023;18/12/2023;2009;5
65dff58ea44b3486ecfbe114;3471493;84;2024/02/28 14:37:05.299+01;842023w6;PM10;Vallée du Rhône;INFORMATION ET RECOMMANDATION;11/02/2023;10/02/2023;2009;5
65dff58ea44b3486ecfbe115;3471499;84;2024/02/28 14:37:05.299+01;842023w6;PM10;Vallée du Rhône;INFORMATION ET RECOMMANDATION;12/02/2023;10/02/2023;2009;5
65dff58ea44b3486ecfbe116;3471503;84;2024/02/28 14:37:05.299+01;842023w6;PM10;Vallée du Rhône;ALERTE SUR PERSISTANCE;12/02/2023;11/02/2023;2009;5
65dff58ea44b3486ecfbe117;3471506;84;2024/02/28 14:37:05.299+01;842023w6;PM10;Vallée du Rhône;ALERTE;13/02/2023;12/02/2023;2009;5
65dff58ea44b3486ecfbe118;3471509;84;2024/02/28 14:37:05.299+01;842023w6;PM10;Vallée du Rhône;ALERTE SUR PERSISTANCE;13/02/2023;11/02/2023;2009;5
65dff58ea44b3486ecfbe119;3471519;84;2024/02/28 14:37:05.299+01;842023w7;PM10;Vallée du Rhône;ALERTE;14/02/2023;12/02/2023;2009;5
65dff58ea44b3486ecfbe11a;3471525;84;2024/02/28 14:37:05.299+01;842023w7;PM10;Vallée du Rhône;ALERTE;14/02/2023;13/02/2023;2009;5
65dff58ea44b3486ecfbe11b;3471532;84;2024/02/28 14:37:05.299+01;842023w7;PM10;Vallée du Rhône;ALERTE;15/02/2023;13/02/2023;2009;5
65dff58ea44b3486ecfbe11c;3471683;84;2024/02/28 14:37:05.299+01;842024w2;PM10;Vallée du Rhône;INFORMATION ET RECOMMANDATION;14/01/2024;12/01/2024;2009;5
65dff58ea44b3486ecfbe11d;3471687;84;2024/02/28 14:37:05.299+01;842024w2;PM10;Vallée du Rhône;INFORMATION ET RECOMMANDATION;14/01/2024;12/01/2024;2009;5
65dff5aba44b3486ecfbe11e;3471586;84;2024/02/28 14:37:05.299+01;842023w24;PM10;Vallée Maurienne Tarentaise;INFORMATION ET RECOMMANDATION;19/06/2023;18/06/2023;2010;5
65dff5aba44b3486ecfbe11f;3471590;84;2024/02/28 14:37:05.299+01;842023w25;PM10;Vallée Maurienne Tarentaise;ALERTE SUR PERSISTANCE;20/06/2023;19/06/2023;2010;5
65dff5aba44b3486ecfbe120;3471594;84;2024/02/28 14:37:05.299+01;842023w25;PM10;Vallée Maurienne Tarentaise;INFORMATION ET RECOMMANDATION;20/06/2023;18/06/2023;2010;5
65dff5aba44b3486ecfbe121;3471607;84;2024/02/28 14:37:05.299+01;842023w25;PM10;Vallée Maurienne Tarentaise;ALERTE SUR PERSISTANCE;21/06/2023;19/06/2023;2010;5
65dff5aba44b3486ecfbe122;3471609;84;2024/02/28 14:37:05.299+01;842023w25;PM10;Vallée Maurienne Tarentaise;ALERTE SUR PERSISTANCE;21/06/2023;20/06/2023;2010;5
65dff5aba44b3486ecfbe123;3471612;84;2024/02/28 14:37:05.299+01;842023w25;PM10;Vallée Maurienne Tarentaise;ALERTE SUR PERSISTANCE;22/06/2023;20/06/2023;2010;5
65dff5c5a44b3486ecfbe124;3471513;84;2024/02/28 14:37:05.299+01;842023w6;PM10;Zone des Coteaux;INFORMATION ET RECOMMANDATION;13/02/2023;12/02/2023;2011;5
65dff5c5a44b3486ecfbe125;3471522;84;2024/02/28 14:37:05.299+01;842023w7;PM10;Zone des Coteaux;INFORMATION ET RECOMMANDATION;14/02/2023;12/02/2023;2011;5
65dff5c5a44b3486ecfbe126;3471527;84;2024/02/28 14:37:05.299+01;842023w7;PM10;Zone des Coteaux;INFORMATION ET RECOMMANDATION;14/02/2023;13/02/2023;2011;5
65dff5c5a44b3486ecfbe127;3471530;84;2024/02/28 14:37:05.299+01;842023w7;PM10;Zone des Coteaux;INFORMATION ET RECOMMANDATION;15/02/2023;13/02/2023;2011;5
65dff5c5a44b3486ecfbe128;3471661;84;2024/02/28 14:37:05.299+01;842024w2;PM10;Zone des Coteaux;INFORMATION ET RECOMMANDATION;13/01/2024;11/01/2024;2011;5
65dff5c5a44b3486ecfbe129;3471662;84;2024/02/28 14:37:05.299+01;842024w2;PM10;Zone des Coteaux;INFORMATION ET RECOMMANDATION;13/01/2024;11/01/2024;2011;5
65dff5c5a44b3486ecfbe12a;3471676;84;2024/02/28 14:37:05.299+01;842024w2;PM10;Zone des Coteaux;ALERTE SUR PERSISTANCE;13/01/2024;12/01/2024;2011;5
65dff5c5a44b3486ecfbe12b;3471678;84;2024/02/28 14:37:05.299+01;842024w2;PM10;Zone des Coteaux;ALERTE SUR PERSISTANCE;13/01/2024;12/01/2024;2011;5
65dff5c5a44b3486ecfbe12c;3471695;84;2024/02/28 14:37:05.299+01;842024w2;PM10;Zone des Coteaux;ALERTE SUR PERSISTANCE;14/01/2024;12/01/2024;2011;5
65dff5c5a44b3486ecfbe12d;3471696;84;2024/02/28 14:37:05.299+01;842024w2;PM10;Zone des Coteaux;ALERTE SUR PERSISTANCE;14/01/2024;12/01/2024;2011;5
65dff5e0a44b3486ecfbe12e;3471580;84;2024/02/28 14:37:05.299+01;842023w10;PM10;Zone urbaine des Pays de Savoie;INFORMATION ET RECOMMANDATION;07/03/2023;05/03/2023;2012;5
65dff5e0a44b3486ecfbe12f;3471582;84;2024/02/28 14:37:05.299+01;842023w24;PM10;Zone urbaine des Pays de Savoie;INFORMATION ET RECOMMANDATION;19/06/2023;18/06/2023;2012;5
65dff5e0a44b3486ecfbe130;3471589;84;2024/02/28 14:37:05.299+01;842023w25;PM10;Zone urbaine des Pays de Savoie;ALERTE SUR PERSISTANCE;20/06/2023;19/06/2023;2012;5
65dff5e0a44b3486ecfbe131;3471596;84;2024/02/28 14:37:05.299+01;842023w25;PM10;Zone urbaine des Pays de Savoie;INFORMATION ET RECOMMANDATION;20/06/2023;18/06/2023;2012;5
65dff5e0a44b3486ecfbe132;3471599;84;2024/02/28 14:37:05.299+01;842023w25;PM10;Zone urbaine des Pays de Savoie;ALERTE SUR PERSISTANCE;21/06/2023;20/06/2023;2012;5
65dff5e0a44b3486ecfbe133;3471603;84;2024/02/28 14:37:05.299+01;842023w25;PM10;Zone urbaine des Pays de Savoie;ALERTE SUR PERSISTANCE;21/06/2023;19/06/2023;2012;5
65dff5e0a44b3486ecfbe134;3471613;84;2024/02/28 14:37:05.299+01;842023w25;PM10;Zone urbaine des Pays de Savoie;ALERTE SUR PERSISTANCE;22/06/2023;20/06/2023;2012;5
65dff5e0a44b3486ecfbe135;3471558;84;2024/02/28 14:37:05.299+01;842023w9;PM10;Zone urbaine des Pays de Savoie;INFORMATION ET RECOMMANDATION;04/03/2023;03/03/2023;2012;5
65dff5e0a44b3486ecfbe136;3471568;84;2024/02/28 14:37:05.299+01;842023w9;PM10;Zone urbaine des Pays de Savoie;INFORMATION ET RECOMMANDATION;05/03/2023;04/03/2023;2012;5
65dff5e0a44b3486ecfbe137;3471575;84;2024/02/28 14:37:05.299+01;842023w9;PM10;Zone urbaine des Pays de Savoie;INFORMATION ET RECOMMANDATION;05/03/2023;03/03/2023;2012;5
65dff5e0a44b3486ecfbe138;3471576;84;2024/02/28 14:37:05.299+01;842023w9;PM10;Zone urbaine des Pays de Savoie;INFORMATION ET RECOMMANDATION;06/03/2023;04/03/2023;2012;5
65dff5e0a44b3486ecfbe139;3471578;84;2024/02/28 14:37:05.299+01;842023w9;PM10;Zone urbaine des Pays de Savoie;INFORMATION ET RECOMMANDATION;06/03/2023;05/03/2023;2012;5
65dff5fba44b3486ecfbe13a;3471584;84;2024/02/28 14:37:05.299+01;842023w24;PM10;Zone Alpine Isère;INFORMATION ET RECOMMANDATION;19/06/2023;18/06/2023;2013;5
65dff5fba44b3486ecfbe13b;3471588;84;2024/02/28 14:37:05.299+01;842023w25;PM10;Zone Alpine Isère;ALERTE SUR PERSISTANCE;20/06/2023;19/06/2023;2013;5
65dff5fba44b3486ecfbe13c;3471595;84;2024/02/28 14:37:05.299+01;842023w25;PM10;Zone Alpine Isère;INFORMATION ET RECOMMANDATION;20/06/2023;18/06/2023;2013;5
65dff5fba44b3486ecfbe13d;3471601;84;2024/02/28 14:37:05.299+01;842023w25;PM10;Zone Alpine Isère;ALERTE SUR PERSISTANCE;21/06/2023;20/06/2023;2013;5
65dff5fba44b3486ecfbe13e;3471604;84;2024/02/28 14:37:05.299+01;842023w25;PM10;Zone Alpine Isère;ALERTE SUR PERSISTANCE;21/06/2023;19/06/2023;2013;5
65dff5fba44b3486ecfbe13f;3471614;84;2024/02/28 14:37:05.299+01;842023w25;PM10;Zone Alpine Isère;ALERTE SUR PERSISTANCE;22/06/2023;20/06/2023;2013;5
65dff5fba44b3486ecfbe140;3471617;84;2024/02/28 14:37:05.299+01;842023w27;O3;Zone Alpine Isère;INFORMATION ET RECOMMANDATION;10/07/2023;09/07/2023;2013;7
65dff5fba44b3486ecfbe141;3471619;84;2024/02/28 14:37:05.299+01;842023w28;O3;Zone Alpine Isère;INFORMATION ET RECOMMANDATION;11/07/2023;09/07/2023;2013;7
65dff615a44b3486ecfbe142;3471585;84;2024/02/28 14:37:05.299+01;842023w24;PM10;Zone Alpine Savoie;INFORMATION ET RECOMMANDATION;19/06/2023;18/06/2023;2014;5
65dff615a44b3486ecfbe143;3471592;84;2024/02/28 14:37:05.299+01;842023w25;PM10;Zone Alpine Savoie;INFORMATION ET RECOMMANDATION;20/06/2023;18/06/2023;2014;5
65dff615a44b3486ecfbe144;3471597;84;2024/02/28 14:37:05.299+01;842023w25;PM10;Zone Alpine Savoie;ALERTE SUR PERSISTANCE;20/06/2023;19/06/2023;2014;5
65dff615a44b3486ecfbe145;3471600;84;2024/02/28 14:37:05.299+01;842023w25;PM10;Zone Alpine Savoie;ALERTE SUR PERSISTANCE;21/06/2023;20/06/2023;2014;5
65dff615a44b3486ecfbe146;3471606;84;2024/02/28 14:37:05.299+01;842023w25;PM10;Zone Alpine Savoie;ALERTE SUR PERSISTANCE;21/06/2023;19/06/2023;2014;5
65dff615a44b3486ecfbe147;3471615;84;2024/02/28 14:37:05.299+01;842023w25;PM10;Zone Alpine Savoie;ALERTE SUR PERSISTANCE;22/06/2023;20/06/2023;2014;5
65dff685a44b3486ecfbe148;3471581;84;2024/02/28 14:37:05.299+01;842023w10;PM10;Puy-de-Dôme;INFORMATION ET RECOMMANDATION;07/03/2023;05/03/2023;2018;5
65dff685a44b3486ecfbe149;3471548;84;2024/02/28 14:37:05.299+01;842023w9;PM10;Puy-de-Dôme;INFORMATION ET RECOMMANDATION;03/03/2023;02/03/2023;2018;5
65dff685a44b3486ecfbe14a;3471552;84;2024/02/28 14:37:05.299+01;842023w9;PM10;Puy-de-Dôme;INFORMATION ET RECOMMANDATION;04/03/2023;02/03/2023;2018;5
65dff685a44b3486ecfbe14b;3471564;84;2024/02/28 14:37:05.299+01;842023w9;PM10;Puy-de-Dôme;INFORMATION ET RECOMMANDATION;04/03/2023;03/03/2023;2018;5
65dff685a44b3486ecfbe14c;3471565;84;2024/02/28 14:37:05.299+01;842023w9;PM10;Puy-de-Dôme;INFORMATION ET RECOMMANDATION;05/03/2023;03/03/2023;2018;5
65dff685a44b3486ecfbe14d;3471577;84;2024/02/28 14:37:05.299+01;842023w9;PM10;Puy-de-Dôme;INFORMATION ET RECOMMANDATION;06/03/2023;05/03/2023;2018;5
65dff685a44b3486ecfbe14e;3471659;84;2024/02/28 14:37:05.299+01;842024w2;PM10;Puy-de-Dôme;INFORMATION ET RECOMMANDATION;13/01/2024;11/01/2024;2018;5
65dff685a44b3486ecfbe14f;3471667;84;2024/02/28 14:37:05.299+01;842024w2;PM10;Puy-de-Dôme;INFORMATION ET RECOMMANDATION;13/01/2024;11/01/2024;2018;5
65dff685a44b3486ecfbe150;3471672;84;2024/02/28 14:37:05.299+01;842024w2;PM10;Puy-de-Dôme;ALERTE SUR PERSISTANCE;13/01/2024;12/01/2024;2018;5
65dff685a44b3486ecfbe151;3471680;84;2024/02/28 14:37:05.299+01;842024w2;PM10;Puy-de-Dôme;ALERTE SUR PERSISTANCE;13/01/2024;12/01/2024;2018;5
65dff685a44b3486ecfbe152;3471692;84;2024/02/28 14:37:05.299+01;842024w2;PM10;Puy-de-Dôme;ALERTE SUR PERSISTANCE;14/01/2024;12/01/2024;2018;5
65dff685a44b3486ecfbe153;3471694;84;2024/02/28 14:37:05.299+01;842024w2;PM10;Puy-de-Dôme;ALERTE SUR PERSISTANCE;14/01/2024;12/01/2024;2018;5
65dff6bda44b3486ecfbe154;3471470;84;2024/02/28 14:37:05.299+01;842023w6;PM10;Allier;ALERTE SUR PERSISTANCE;09/02/2023;08/02/2023;2020;5
65dff6bda44b3486ecfbe155;3471479;84;2024/02/28 14:37:05.299+01;842023w6;PM10;Allier;ALERTE SUR PERSISTANCE;10/02/2023;09/02/2023;2020;5
65dff6bda44b3486ecfbe156;3471481;84;2024/02/28 14:37:05.299+01;842023w6;PM10;Allier;ALERTE SUR PERSISTANCE;10/02/2023;08/02/2023;2020;5
65dff6bda44b3486ecfbe157;3471487;84;2024/02/28 14:37:05.299+01;842023w6;PM10;Allier;ALERTE SUR PERSISTANCE;11/02/2023;10/02/2023;2020;5
65dff6bda44b3486ecfbe158;3471489;84;2024/02/28 14:37:05.299+01;842023w6;PM10;Allier;ALERTE SUR PERSISTANCE;11/02/2023;09/02/2023;2020;5
65dff6bda44b3486ecfbe159;3471497;84;2024/02/28 14:37:05.299+01;842023w6;PM10;Allier;ALERTE SUR PERSISTANCE;12/02/2023;10/02/2023;2020;5
65dff6bda44b3486ecfbe15a;3471544;84;2024/02/28 14:37:05.299+01;842023w9;PM10;Allier;INFORMATION ET RECOMMANDATION;03/03/2023;02/03/2023;2020;5
65dff6bda44b3486ecfbe15b;3471554;84;2024/02/28 14:37:05.299+01;842023w9;PM10;Allier;INFORMATION ET RECOMMANDATION;04/03/2023;02/03/2023;2020;5
65dff6bda44b3486ecfbe15c;3471560;84;2024/02/28 14:37:05.299+01;842023w9;PM10;Allier;INFORMATION ET RECOMMANDATION;04/03/2023;03/03/2023;2020;5
65dff6bda44b3486ecfbe15d;3471573;84;2024/02/28 14:37:05.299+01;842023w9;PM10;Allier;INFORMATION ET RECOMMANDATION;05/03/2023;03/03/2023;2020;5
65dff6bda44b3486ecfbe15e;3471652;84;2024/02/28 14:37:05.299+01;842024w2;PM10;Allier;INFORMATION ET RECOMMANDATION;12/01/2024;11/01/2024;2020;5
65dff6bda44b3486ecfbe15f;3471657;84;2024/02/28 14:37:05.299+01;842024w2;PM10;Allier;INFORMATION ET RECOMMANDATION;12/01/2024;11/01/2024;2020;5
65dff6bda44b3486ecfbe160;3471674;84;2024/02/28 14:37:05.299+01;842024w2;PM10;Allier;INFORMATION ET RECOMMANDATION;13/01/2024;12/01/2024;2020;5
65dff6bda44b3486ecfbe161;3471679;84;2024/02/28 14:37:05.299+01;842024w2;PM10;Allier;INFORMATION ET RECOMMANDATION;13/01/2024;12/01/2024;2020;5
